county,registered_voters,total_ballots_cast,turnout_rate,absentee_rate,population_2023,poverty_rate,pct_less_hs,pct_bachelors,unemployment_rate,median_income,non_white_share,rural_urban_code,broadband_access_rate
BALDWIN,207643,122542,0.5902000000000001,0.0634,243176.0,10.0,8.268600135,32.79763704,3.4,71704.0,0.08298505168604206,3.0,0.91
CLARKE,19143,11993,0.6265,0.0604,22659.5,19.0,14.73130402,15.42653138,6.35,44906.0,0.4133496512880824,9.0,0.74
CONECUH,9820,6105,0.6217,0.0785,11318.0,26.5,12.51384275,13.12907592,4.875,36106.0,0.43182919254344854,9.0,0.73
ESCAMBIA,28268,15009,0.531,0.04769999999999999,36634.75,21.3,17.46735166,12.49068591,4.2,47792.0,0.2715977512446346,6.0,0.79
MOBILE,322535,176019,0.5457,0.0489,412699.5,16.3,10.99169307,25.15022409,4.85,54315.0,0.3559145988943914,2.0,0.86
MONROE,16351,9860,0.603,0.0781,19474.25,19.1,16.38531023,11.357915,5.65,47498.0,0.38725985857258916,8.0,0.77
WASHINGTON,13788,8489,0.6157,0.0527,15167.0,18.7,11.31495623,16.20413485,4.875,53785.0,0.2556308004861112,8.0,0.81
TOTAL (ALL OF ALABAMA),3861929,2272911,0.5885,0.0555,,,,,,,0.26286185056879885,,
