county,gc_cpri_score
BALDWIN,0.0
CLARKE,95.42963275042044
CONECUH,100.0
ESCAMBIA,71.47211187204218
MOBILE,45.3986678737872
MONROE,86.54968096365603
WASHINGTON,60.58823636099532
TOTAL (ALL OF ALABAMA),68.51048384002169
