county,registered_voters,total_ballots_cast,turnout_rate,absentee_rate,population_2023,poverty_rate,pct_less_hs,pct_bachelors,unemployment_rate,median_income,non_white_share,rural_urban_code,broadband_access_rate,gc_cpri_score_raw,gc_cpri_score
BALDWIN,207643,122542,0.5902000000000001,0.0634,243176.0,10.0,8.268600135,32.79763704,3.4,71704.0,0.082985051686042,3.0,0.91,-5.003743887665558,0.0
CLARKE,19143,11993,0.6265,0.0604,22659.5,19.0,14.73130402,15.42653138,6.35,44906.0,0.4133496512880824,9.0,0.74,2.231888495192905,95.42963275042045
CONECUH,9820,6105,0.6217,0.0785,11318.0,26.5,12.51384275,13.12907592,4.875,36106.0,0.4318291925434485,9.0,0.73,2.5784212892475677,100.0
ESCAMBIA,28268,15009,0.531,0.0476999999999999,36634.75,21.3,17.46735166,12.49068591,4.2,47792.0,0.2715977512446346,6.0,0.79,0.4153896899008162,71.47211187204218
MOBILE,322535,176019,0.5457,0.0489,412699.5,16.3,10.99169307,25.15022409,4.85,54315.0,0.3559145988943914,2.0,0.86,-1.5615419013568186,45.3986678737872
MONROE,16351,9860,0.603,0.0781,19474.25,19.1,16.38531023,11.357915,5.65,47498.0,0.3872598585725891,8.0,0.77,1.558595883090178,86.54968096365603
WASHINGTON,13788,8489,0.6157,0.0527,15167.0,18.7,11.31495623,16.20413485,4.875,53785.0,0.2556308004861112,8.0,0.81,-0.4098437289963544,60.58823636099532
TOTAL (ALL OF ALABAMA),3861929,2272911,0.5885,0.0555,,,,,,,0.2628618505687988,,,0.19083416058726155,68.51048384002169
